sku,nombre,material,horma,falda,categoria
W8E01-10,BANGORA 6 RANDAS,BANGORA 6 RANDAS,HORMA DOBLE S,FALDA 10 CM,BANGORA
W16C01-10,BANGORA CHINO GLAZ ROMBOS,BANGORA CHINO GLAZ ROMBOS,HORMA DOBLE S,FALDA 10 CM,BANGORA
W10A01-10,BANGORA FINO - 6 X 5.5 X 5.5,BANGORA FINO - 6 X 5.5 X 5.5,HORMA DOBLE S,FALDA 10 CM,BANGORA
W23801-10,BANGORA IVORY Y CAFÉ,BANGORA IVORY Y CAFÉ,HORMA DOBLE S,FALDA 10 CM,BANGORA
W14E01-10,BANGORA RANDA PUNTOS,BANGORA RANDA PUNTOS,HORMA DOBLE S,FALDA 10 CM,BANGORA
W14A01-10,BANGORA TAN FLECHAS,CHINO GLAZ IVORY 5BU 2X2,HORMA DOBLE S,FALDA 10 CM,CHINO
W3401-10,BANGORA ZIGZAG,CHINO GLAZ G3 2X2,HORMA DOBLE S,FALDA 10 CM,CHINO
W4201-10,JAP G2 1X1,JAP G2 1X1,HORMA DOBLE S,FALDA 10 CM,JAP
W4401-10,JAP G2 2X2,JAP G2 2X2,HORMA DOBLE S,FALDA 10 CM,JAP
W4901-10,JAP G3 2X2,JAP G3 2X2,HORMA DOBLE S,FALDA 10 CM,JAP
W5001-10,JAP G3 2X2 RANDADO,JAP G3 2X2 RANDADO,HORMA DOBLE S,FALDA 10 CM,JAP
W5901-10,JAP G5 2X2  6X5X6,JAP G5 2X2  6X5X6,HORMA DOBLE S,FALDA 10 CM,JAP
W7501-10,JAP G5 2X2 RAN TT,JAP G5 2X2 RAN TT,HORMA DOBLE S,FALDA 10 CM,JAP
W33901-10,JAP G5 2X2 RANDA PUNTOS,JAP G5 2X2 RANDA PUNTOS,HORMA DOBLE S,FALDA 10 CM,JAP
W172C01-10,JAP G5 2X2 TRIPLE RANDA,JAP G5 2X2 TRIPLE RANDA,HORMA DOBLE S,FALDA 10 CM,JAP
W16101-10,JAP G5 2X2 RANDA LÍNEA Y ROMBOS,JAP G5 2X2 RANDA LÍNEA Y ROMBOS,HORMA DOBLE S,FALDA 10 CM,JAP
W9901-10,JAP G5 2X2 WILDFIRE,JAP G5 2X2 WILDFIRE,HORMA DOBLE S,FALDA 10 CM,JAP
W17501-10,JAP G5 3X3 PAPER VENT,JAP G5 3X3 PAPER VENT,HORMA DOBLE S,FALDA 10 CM,JAP
W153A01-10,TELAR 2BU 1X1 G14 BLANCO,TELAR 2BU 1X1 G14 BLANCO,HORMA DOBLE S,FALDA 10 CM,TELAR
W131A01-10,SISOL 3X3,SISOL 3X3,HORMA DOBLE S,FALDA 10 CM,SISOL
W11201-10,LANA CHOCO 210 GR,LANA NATURAL 210 GR,HORMA DOBLE S,FALDA 10 CM,LANA
W12101-10.5,CASHMERE GRIS 220 GR,CASHMERE SILVER BELLY  220 GR,HORMA DOBLE S,FALDA 10.5 CM,CASHMERE
W10A03-11,BANGORA FINO - 6 X 5.5 X 5.5,BANGORA FINO - 6 X 5.5 X 5.5,HORMA RESISTOL,FALDA 11 CM,BANGORA
D8D03-11,BANGORA DOBLE RANDA TT,BANGORA DOBLE RANDA TT,HORMA RESISTOL,FALDA 11 CM,BANGORA
W14C03-11,BANGORA 2 RANDAS IVORY,BANGORA 2 RANDAS IVORY,HORMA RESISTOL,FALDA 11 CM,BANGORA
W603-11,BANGORA CAFÉ 6X5X5.5,BANGORA CAFÉ 6X5X5.5,HORMA RESISTOL,FALDA 11 CM,BANGORA
W8D03-11,BANGORA PANAL ANCHO,BANGORA PANAL ANCHO,HORMA RESISTOL,FALDA 11 CM,BANGORA
WN14A03-11,BANGORA RANDA TT TAN,BANGORA TAN FLECHAS,HORMA RESISTOL,FALDA 11 CM,BANGORA
W3403-11,BANGORA TAN FLECHAS,CHINO GLAZ G3 2X2,HORMA RESISTOL,FALDA 11 CM,CHINO
W18903-11,CHINO GLAZ IVORY 5BU 2X2,CHINO GLAZ IVORY 5BU 2X2,HORMA RESISTOL,FALDA 11 CM,CHINO
W6903-11,CHINO GLAZ G3 2X2 TT,JAP G5 2X2  6X5X6,HORMA RESISTOL,FALDA 11 CM,JAP
W13603-11,JAP G5 2X2 RANDA PANAL,JAP G5 2X2 RANDA PANAL,HORMA RESISTOL,FALDA 11 CM,JAP
W16303-11,JAP G5 2X2 RANDA X,JAP G5 2X2 RANDA X,HORMA RESISTOL,FALDA 11  CM,JAP
W17503-11,JAP G5 3X3 PAPER VENT,JAP G5 3X3 PAPER VENT,HORMA RESISTOL,FALDA 11 CM,JAP
W131A03-11,SISOL 3X3,SISOL 3X3,HORMA RESISTOL,FALDA 11 CM,SISOL
W13203-11,JAP G5 2X2 RAN TT,JAP G5 2X2 RAN TT,HORMA RESISTOL,FALDA 11 CM,JAP
D11203-11,LANA NEGRA 210 GR,LANA NEGRA 210 GR,HORMA RESISTOL,FALDA 11 CM,LANA
W11202-11,LANA CHOCO 210 GR,LANA CHOCO 210 GR,HORMA RESISTOL,FALDA 11 CM,LANA
W11203-11,LANA NEGRA  210 GR,LANA NEGRA  210 GR,HORMA RESISTOL,FALDA 11 CM,LANA
WV23509-11,CHINO G5 2X2 RANDA ZIGZAG,CHINO GLAZ 5BU 2X2,HORMA DOBLE S USA,FALDA 11  CM,CHINO
W7509-10,JAP G5 2X2 RAN TT,JAP G5 2X2 RAN TT,HORMA DOBLE S USA,FALDA 10 CM,JAP
WV74A09-11,JAP G5 2X2 RANDA,JAP G5 2X2 RANDA,HORMA DOBLE S USA,FALDA 11 CM,JAP
WV7309-11,JAP G5 2X2 RANDA IVORY,JAP G5 2X2 RANDA IVORY,HORMA DOBLE S USA,FALDA 11 CM,JAP
WV9409-11,JAP G5 2X2 RANDA PUNTOS,JAP G5 2X2 TT SS,HORMA DOBLE S USA,FALDA 11 CM,JAP
WV9109-11,JAP G5 2X2 TT OXIDO,JAP G5 2X2 TT OXIDO,HORMA DOBLE S USA,FALDA 11 CM,JAP
WV16009-11,JAP G5 2X2 TT RANDA ROMBOS,JAP G5 2X2 TT RANDA ROMBOS,HORMA DOBLE S USA,FALDA 11 CM,JAP
W11609-11,PALMA VERDE,PALMA VERDE,HORMA DOBLE S USA,FALDA 11 CM,PALMA
W14C02-11,BANGORA 2 RANDAS IVORY,BANGORA 2 RANDAS IVORY,HORMA RODEO 2,FALDA 11 CM,BANGORA
W0702-11,BANGORA DOBLE RANDA TT CHOCO,BANGORA DOBLE RANDA TT CHOCO,HORMA DOBLE S USA,FALDA 11 CM,BANGORA
W602-11,W0702BP-11,BANGORA 2 RANDAS IVORY,HORMA RODEO 2,FALDA 11 CM,BANGORA
W10C02-11,BANGORA FINO - 6 X 5.5 X 6,BANGORA FINO - 6 X 5.5 X 6,HORMA RODEO 2,FALDA 11 CM,BANGORA
W1202-11,BANGORA RANDA TT/SOMBRA,BANGORA RANDA TT/SOMBRA,HORMA RODEO 2,FALDA 11 CM,BANGORA
W6902-11,BANGORA TAN FLECHAS,BANGORA TAN FLECHAS,HORMA RODEO 2,FALDA 11 CM,BANGORA
W131A02-11,CHINO GLAZ G3 2X2,SISOL 3X3,HORMA RODEO 2,FALDA 11 CM,SISOL
W23617-11,CHINO GLAZ 5BU 2X2,CHINO GLAZ 5BU 2X2,HORMA OPEN,FALDA 11 CM,CHINO
W16317-11,JAP G5 2X2 RANDA X,JAP G5 2X2 RANDA X,HORMA OPEN,FALDA 11 CM,JAP
W9817-11,JAP G5 2X2 RANDA ROMBOS,JAP G5 2X2 RANDA ROMBOS,HORMA OPEN,FALDA 11 CM,JAP
W10917-11,LANA CHOCO 210 GR,LANA CHOCO 210 GR,HORMA OPEN,FALDA 11 CM,LANA
W11217-11,LANA NEGRA 210 GR,LANA NEGRA 210 GR,HORMA OPEN,FALDA 11 CM,LANA
WK113B43-9,LANA NEGRA 160 GR CRUSHABLE NIÑO,LANA CHOCO 210 GR,HORMA MAVERICK KIDS,FALDA 9 CM,LANA
W4912-9,JAP G3 2X2,JAP G3 2X2,HORMA LARRY,FALDA 9 CM,JAP
W5959-9,JAP G5 2X2  6X5X6,JAP G5 2X2  6X5X6,HORMA FANTASMA,FALDA 9 CM,JAP
W11259-9,LANA NEGRA 210 GR,LANA NEGRA 210 GR,HORMA FANTASMA,FALDA 9 CM,LANA
